,g
Ctso,Ctso
Kcna1,Kcna1
Mmp17,Mmp17
Mxra8,Mxra8
Lrrn3,Lrrn3
Pbx3,Pbx3
Ggh,Ggh
Ifnar2,Ifnar2
Mpp2,Mpp2
Acbd7,Acbd7
Pacsin3,Pacsin3
Rasd2,Rasd2
Arhgef26,Arhgef26
Stx3,Stx3
Gbp7,Gbp7
Tmem14a,Tmem14a
Fam43b,Fam43b
Mmp19,Mmp19
Ctnnd2,Ctnnd2
Wls,Wls
Anxa6,Anxa6
Lrrtm1,Lrrtm1
Mxi1,Mxi1
Otop2,Otop2
Adcyap1,Adcyap1
Taf13,Taf13
Limd2,Limd2
Tspo,Tspo
Pknox1,Pknox1
Celsr2,Celsr2
Gabra3,Gabra3
Rcan2,Rcan2
Fn1,Fn1
Bai2,Bai2
Synm,Synm
Cabp1,Cabp1
Gcn1l1,Gcn1l1
Cerk,Cerk
Cpa6,Cpa6
Crhr1,Crhr1
Pkib,Pkib
Kdm5a,Kdm5a
Ppfibp2,Ppfibp2
Gstt1,Gstt1
Srgap1,Srgap1
Pcp4,Pcp4
Wapal,Wapal
1700012B09Rik,1700012B09Rik
Tnfaip8,Tnfaip8
Tnfrsf19,Tnfrsf19
Neurod1,Neurod1
Dock7,Dock7
B4galt2,B4galt2
Tle4,Tle4
2810474O19Rik,2810474O19Rik
Gpr12,Gpr12
Cyp2j9,Cyp2j9
Tmem5,Tmem5
Lin7a,Lin7a
Nqo1,Nqo1
St6gal1,St6gal1
Apoe,Apoe
Acaa2,Acaa2
Itgb5,Itgb5
Jmjd1c,Jmjd1c
Rcn1,Rcn1
Nbl1,Nbl1
Tspan9,Tspan9
Gria4,Gria4
Lrp6,Lrp6
Sh3pxd2a,Sh3pxd2a
Bpifb9a,Bpifb9a
Clcn2,Clcn2
Fbll1,Fbll1
Afap1,Afap1
Scn1b,Scn1b
Cd55,Cd55
Abl2,Abl2
Prokr2,Prokr2
Aldh1a1,Aldh1a1
Tiam1,Tiam1
Bcap29,Bcap29
Dpp8,Dpp8
Itpr3,Itpr3
Tnfrsf1a,Tnfrsf1a
Srgn,Srgn
Twsg1,Twsg1
Pxn,Pxn
Reln,Reln
Anxa7,Anxa7
Adamts19,Adamts19
Pcx,Pcx
Grip2,Grip2
Elovl2,Elovl2
Fbxo7,Fbxo7
Mcur1,Mcur1
Prkaa2,Prkaa2
Rap2a,Rap2a
Fosl2,Fosl2
Abtb2,Abtb2
Sema3c,Sema3c
Met,Met
Ddah1,Ddah1
Ctgf,Ctgf
Brsk2,Brsk2
Paqr8,Paqr8
Pvrl3,Pvrl3
Cald1,Cald1
Lgals1,Lgals1
Sphk1,Sphk1
Opn3,Opn3
Camk4,Camk4
Mtus1,Mtus1
Ccng1,Ccng1
Cobll1,Cobll1
Atp6v1b2,Atp6v1b2
Igflr1,Igflr1
Trp53inp1,Trp53inp1
Cacnb4,Cacnb4
BC030500,BC030500
Zfp385a,Zfp385a
Fam213a,Fam213a
Ecsit,Ecsit
Efnb1,Efnb1
Stard13,Stard13
Apod,Apod
Gprin1,Gprin1
Alx4,Alx4
Laptm4a,Laptm4a
Exd2,Exd2
Neurl1b,Neurl1b
Foxd3,Foxd3
Raver2,Raver2
Mbnl1,Mbnl1
Hspb1,Hspb1
Slc25a36,Slc25a36
Ly6c1,Ly6c1
Adamts1,Adamts1
Mgat3,Mgat3
Lypla1,Lypla1
Nckap1,Nckap1
Prkd3,Prkd3
Ube2s,Ube2s
Col18a1,Col18a1
Aqp1,Aqp1
Vwc2,Vwc2
Kcnj12,Kcnj12
Ttll7,Ttll7
Lmo4,Lmo4
Pvrl1,Pvrl1
Aldh7a1,Aldh7a1
Gng2,Gng2
Plxnb1,Plxnb1
Crot,Crot
Wnt5a,Wnt5a
Unc80,Unc80
Dpf1,Dpf1
Nqo2,Nqo2
Cdk2ap1,Cdk2ap1
Zhx1,Zhx1
Aldh2,Aldh2
Atp1b1,Atp1b1
Ahnak,Ahnak
Qpct,Qpct
Trnp1,Trnp1
Gpsm1,Gpsm1
Nefh,Nefh
Hmg20b,Hmg20b
Amz1,Amz1
Txnip,Txnip
Optn,Optn
Dek,Dek
Gabra1,Gabra1
Cul7,Cul7
Klhl5,Klhl5
Ccsap,Ccsap
Bex1,Bex1
Gng3,Gng3
Maml2,Maml2
Fam101b,Fam101b
Fgfr3,Fgfr3
Fnbp1l,Fnbp1l
Ccdc92,Ccdc92
Gucy1a3,Gucy1a3
Necab2,Necab2
Gng4,Gng4
Celsr3,Celsr3
Igdcc4,Igdcc4
Bgn,Bgn
Arf5,Arf5
Camkv,Camkv
Arvcf,Arvcf
Sppl2a,Sppl2a
Marf1,Marf1
Anln,Anln
Ppt2,Ppt2
Ugdh,Ugdh
Wipf3,Wipf3
Anks1b,Anks1b
Trh,Trh
Acot1,Acot1
Npr1,Npr1
Elfn1,Elfn1
Ablim3,Ablim3
Postn,Postn
Cd63,Cd63
Col1a1,Col1a1
Man2b1,Man2b1
Ntm,Ntm
Tbc1d17,Tbc1d17
St5,St5
Reep3,Reep3
Cdhr1,Cdhr1
Zfp428,Zfp428
Ybx3,Ybx3
Kank1,Kank1
Ralyl,Ralyl
Mier1,Mier1
Sri,Sri
Cux2,Cux2
Ephx2,Ephx2
Tjp1,Tjp1
Sptssa,Sptssa
Fxyd6,Fxyd6
Matn4,Matn4
Cav1,Cav1
Gls,Gls
Dusp19,Dusp19
Mt2,Mt2
Tmem91,Tmem91
Dock9,Dock9
Itih5,Itih5
Rasl11b,Rasl11b
Jph4,Jph4
Sft2d2,Sft2d2
Arhgap17,Arhgap17
Ttyh1,Ttyh1
5031439G07Rik,5031439G07Rik
Ankrd13a,Ankrd13a
Atrnl1,Atrnl1
Caskin2,Caskin2
Tcf20,Tcf20
Gna13,Gna13
Lims2,Lims2
Fgfrl1,Fgfrl1
Zic2,Zic2
Gpr22,Gpr22
Adipor1,Adipor1
Rap1gap,Rap1gap
Slc17a6,Slc17a6
Fkbp1a,Fkbp1a
Cat,Cat
Igf1,Igf1
Rassf4,Rassf4
Cd93,Cd93
Gng11,Gng11
Ptpn13,Ptpn13
Arhgap44,Arhgap44
Zbtb10,Zbtb10
Wisp1,Wisp1
Th,Th
Ostf1,Ostf1
Prickle1,Prickle1
Chrdl1,Chrdl1
Tpm4,Tpm4
Dcx,Dcx
Cdca7,Cdca7
Mapkbp1,Mapkbp1
Far1,Far1
Tbpl1,Tbpl1
Kctd4,Kctd4
Alx3,Alx3
Etnk1,Etnk1
Crebrf,Crebrf
Fam217a,Fam217a
Fmo1,Fmo1
Cdkn1a,Cdkn1a
Rab26,Rab26
Cbfb,Cbfb
Kat7,Kat7
Mroh1,Mroh1
Cdk13,Cdk13
Il33,Il33
Hes1,Hes1
Kcnip3,Kcnip3
Fra10ac1,Fra10ac1
Csad,Csad
Lpgat1,Lpgat1
Shisa5,Shisa5
Afap1l2,Afap1l2
Fam81a,Fam81a
Sfxn5,Sfxn5
Slc41a3,Slc41a3
Ndst1,Ndst1
Aldh3b1,Aldh3b1
Rsu1,Rsu1
Igfbp7,Igfbp7
Fam102b,Fam102b
Flna,Flna
Cyp4v3,Cyp4v3
Tesc,Tesc
Aifm3,Aifm3
S100b,S100b
Slc25a18,Slc25a18
Nfat5,Nfat5
Smpd2,Smpd2
Zdhhc2,Zdhhc2
Pdlim4,Pdlim4
Sparc,Sparc
Atp6ap1l,Atp6ap1l
Coch,Coch
Gfap,Gfap
Arhgap33,Arhgap33
Plekha4,Plekha4
Dab2,Dab2
Plxdc2,Plxdc2
Dbx2,Dbx2
Nmb,Nmb
Entpd5,Entpd5
Epb4.1l5,Epb4.1l5
Vsnl1,Vsnl1
Trib1,Trib1
Baiap2,Baiap2
Klf2,Klf2
Fez2,Fez2
Lpar1,Lpar1
Adcy8,Adcy8
Per2,Per2
Vtn,Vtn
Samd9l,Samd9l
Cyp2j6,Cyp2j6
Timm10,Timm10
Axl,Axl
Fam3c,Fam3c
Clstn2,Clstn2
Galt,Galt
Cyp2a5,Cyp2a5
Mcf2l,Mcf2l
Lrpprc,Lrpprc
Agxt2l1,Agxt2l1
Gal,Gal
Csrnp2,Csrnp2
Parp8,Parp8
B3gat2,B3gat2
Nipsnap3b,Nipsnap3b
Nipbl,Nipbl
Pmp22,Pmp22
Cyp1b1,Cyp1b1
Dgcr6,Dgcr6
Omp,Omp
Ube2ql1,Ube2ql1
Ptn,Ptn
Cntn4,Cntn4
Sept2,Sept2
Ndnf,Ndnf
Cnpy2,Cnpy2
Shisa2,Shisa2
Slc45a4,Slc45a4
Scube1,Scube1
Pcdh20,Pcdh20
Mkln1,Mkln1
Akap7,Akap7
Gpr153,Gpr153
Lnp,Lnp
Cadm3,Cadm3
Spock3,Spock3
2010300C02Rik,2010300C02Rik
Gja1,Gja1
Slc7a2,Slc7a2
Ubtf,Ubtf
Ppp1r3c,Ppp1r3c
Plekhg2,Plekhg2
Mpp6,Mpp6
Kctd9,Kctd9
Rbm20,Rbm20
Adam11,Adam11
Slco1a4,Slco1a4
F3,F3
Dhx8,Dhx8
Dclk2,Dclk2
Zfp644,Zfp644
Slc22a23,Slc22a23
Vps13a,Vps13a
Sorcs1,Sorcs1
Ddr2,Ddr2
Utrn,Utrn
Hba-a2,Hba-a2
Slc22a8,Slc22a8
Cdr1,Cdr1
Mex3b,Mex3b
Pde5a,Pde5a
C4b,C4b
Vamp8,Vamp8
Cacng3,Cacng3
Slc9a3r1,Slc9a3r1
C1qa,C1qa
Syt9,Syt9
Psme1,Psme1
2900097C17Rik,2900097C17Rik
Oaz2,Oaz2
Fam212b,Fam212b
Ap3s1,Ap3s1
Stxbp6,Stxbp6
Ak5,Ak5
Sparcl1,Sparcl1
Bzrap1,Bzrap1
Nrsn2,Nrsn2
Nsmaf,Nsmaf
Mrc2,Mrc2
Cacna1c,Cacna1c
Gab1,Gab1
Islr,Islr
Tax1bp3,Tax1bp3
Syn1,Syn1
Dennd1b,Dennd1b
Sf3a1,Sf3a1
Igsf3,Igsf3
Gng5,Gng5
Tmod3,Tmod3
Foxc1,Foxc1
Dlx6as1,Dlx6as1
Kansl1l,Kansl1l
Ccdc136,Ccdc136
Mgp,Mgp
C77370,C77370
Shisa7,Shisa7
Tmem56,Tmem56
Slc4a2,Slc4a2
Acsl6,Acsl6
Gamt,Gamt
Gsta4,Gsta4
Megf10,Megf10
Gsap,Gsap
Adcy2,Adcy2
Sept8,Sept8
Mfsd2a,Mfsd2a
Apold1,Apold1
Prkcz,Prkcz
Rhobtb3,Rhobtb3
Kdm1b,Kdm1b
Plxnd1,Plxnd1
Itgb4,Itgb4
Tmeff2,Tmeff2
Tril,Tril
Eid1,Eid1
Cntnap2,Cntnap2
Elovl4,Elovl4
Slc41a1,Slc41a1
Tgoln1,Tgoln1
Fxyd1,Fxyd1
Gap43,Gap43
Smek2,Smek2
Map3k2,Map3k2
1600014C10Rik,1600014C10Rik
Neat1,Neat1
Plod1,Plod1
Edil3,Edil3
Emb,Emb
Nr2f2,Nr2f2
St6galnac4,St6galnac4
Ahr,Ahr
Abcd3,Abcd3
Ncs1,Ncs1
Gpx8,Gpx8
Txndc12,Txndc12
Spon1,Spon1
Mt3,Mt3
Txnrd3,Txnrd3
Gda,Gda
Amot,Amot
Calb1,Calb1
Vegfa,Vegfa
Lgi4,Lgi4
Thbd,Thbd
Tet3,Tet3
Akap10,Akap10
Syndig1l,Syndig1l
Plekha1,Plekha1
Lbh,Lbh
Cand2,Cand2
Arpc5,Arpc5
Efhd2,Efhd2
Napb,Napb
Stxbp5,Stxbp5
Rec8,Rec8
Bend6,Bend6
Gpc6,Gpc6
Slc4a4,Slc4a4
Col4a1,Col4a1
Prss56,Prss56
Ifi27l2a,Ifi27l2a
S1pr1,S1pr1
Chmp7,Chmp7
Ppp1r18,Ppp1r18
Gpr56,Gpr56
Ttbk2,Ttbk2
Btbd17,Btbd17
Hadhb,Hadhb
4931406C07Rik,4931406C07Rik
Grin2c,Grin2c
Mrps26,Mrps26
Ggact,Ggact
Kcnip1,Kcnip1
Hadha,Hadha
Stat1,Stat1
Grm3,Grm3
Gnai3,Gnai3
Zfp358,Zfp358
Mmd2,Mmd2
Glb1,Glb1
Mid2,Mid2
Wwtr1,Wwtr1
Scarb1,Scarb1
Taok3,Taok3
Nmnat2,Nmnat2
Id4,Id4
Psd3,Psd3
Apoc1,Apoc1
Akap2,Akap2
Fgfr1,Fgfr1
Sdc4,Sdc4
Tmem132b,Tmem132b
Chsy3,Chsy3
Ptpn5,Ptpn5
Cd302,Cd302
Ppfia2,Ppfia2
Mycn,Mycn
Vamp1,Vamp1
Slc43a2,Slc43a2
Crh,Crh
Nfe2l2,Nfe2l2
Arhgef3,Arhgef3
Arhgap20,Arhgap20
Sulf2,Sulf2
Jph3,Jph3
Rictor,Rictor
Ltbp2,Ltbp2
Fam107a,Fam107a
Cwf19l2,Cwf19l2
Fkbp1b,Fkbp1b
Smim11,Smim11
Col6a1,Col6a1
Tspan12,Tspan12
Hmgcs2,Hmgcs2
Zfp423,Zfp423
Nbeal1,Nbeal1
Serpinh1,Serpinh1
Rims2,Rims2
Grm5,Grm5
2900079G21Rik,2900079G21Rik
Gm20594,Gm20594
Ncoa5,Ncoa5
Fabp7,Fabp7
Sbds,Sbds
Sash1,Sash1
Col1a2,Col1a2
Fgf1,Fgf1
Slc25a1,Slc25a1
Lamp5,Lamp5
Stx17,Stx17
Aldoart1,Aldoart1
Gabrd,Gabrd
Asah1,Asah1
Bean1,Bean1
Snhg11,Snhg11
Fyco1,Fyco1
Asic1,Asic1
Ly6a,Ly6a
Lima1,Lima1
Ncan,Ncan
Heyl,Heyl
Syngr2,Syngr2
Dsel,Dsel
Tssc4,Tssc4
Fbln2,Fbln2
Snap29,Snap29
Nek7,Nek7
Fmnl2,Fmnl2
Fut8,Fut8
Ttc28,Ttc28
Mgst3,Mgst3
Lama4,Lama4
Ntng1,Ntng1
Bcl2,Bcl2
Tmem35,Tmem35
Chst8,Chst8
Col3a1,Col3a1
Tgfbr3,Tgfbr3
Fosb,Fosb
S100a16,S100a16
Gstm1,Gstm1
Ret,Ret
Hspg2,Hspg2
Khdrbs3,Khdrbs3
Lurap1l,Lurap1l
Swap70,Swap70
Lingo1,Lingo1
Dbt,Dbt
Plp1,Plp1
Slc30a7,Slc30a7
Srebf1,Srebf1
Prps1,Prps1
Fgfr2,Fgfr2
Npas3,Npas3
Npy,Npy
Fam120aos,Fam120aos
Slc1a4,Slc1a4
Runx1t1,Runx1t1
Nog,Nog
Syne2,Syne2
Cnnm1,Cnnm1
Dbi,Dbi
Triobp,Triobp
Bicd1,Bicd1
Cap2,Cap2
Glod4,Glod4
Gm13889,Gm13889
Tulp3,Tulp3
Dnlz,Dnlz
Spata13,Spata13
Efs,Efs
Smoc1,Smoc1
Fam102a,Fam102a
Oaf,Oaf
Fibin,Fibin
Acss1,Acss1
Naga,Naga
AU019823,AU019823
Plekhb1,Plekhb1
Hapln1,Hapln1
Gpr137b-ps,Gpr137b-ps
Tmem176b,Tmem176b
Gabrb2,Gabrb2
Slc13a3,Slc13a3
Slc44a1,Slc44a1
Osbpl1a,Osbpl1a
Ap2a1,Ap2a1
Iqgap1,Iqgap1
Neto1,Neto1
Cab39l,Cab39l
Mbp,Mbp
Bcor,Bcor
Maob,Maob
Prex1,Prex1
Ehd1,Ehd1
Ephx4,Ephx4
Hes5,Hes5
Plce1,Plce1
Tspan14,Tspan14
Gpr116,Gpr116
Adora2b,Adora2b
Ogn,Ogn
Cxcl5,Cxcl5
Mtx3,Mtx3
Ifngr1,Ifngr1
Mettl7a1,Mettl7a1
Ypel2,Ypel2
Chml,Chml
Fkbp14,Fkbp14
Coro1a,Coro1a
Ucp2,Ucp2
Ccdc109b,Ccdc109b
Fuca2,Fuca2
Arpc1b,Arpc1b
Sidt1,Sidt1
Ptprk,Ptprk
Slc13a4,Slc13a4
Atp1b2,Atp1b2
Hipk2,Hipk2
Slc6a11,Slc6a11
Rragd,Rragd
Ptpdc1,Ptpdc1
Pacsin1,Pacsin1
Cish,Cish
Ccnd2,Ccnd2
Igfbp2,Igfbp2
Nr4a1,Nr4a1
Kcnh3,Kcnh3
Tpd52,Tpd52
Aco1,Aco1
Arhgap29,Arhgap29
Zfp703,Zfp703
Sh3rf1,Sh3rf1
Zfp36l2,Zfp36l2
Gramd1a,Gramd1a
Ctxn1,Ctxn1
S1pr3,S1pr3
Mid1ip1,Mid1ip1
Ptgds,Ptgds
Pak1,Pak1
Ctnna1,Ctnna1
Synpo,Synpo
Napepld,Napepld
Dtx4,Dtx4
Diras2,Diras2
Ugt8a,Ugt8a
Tpbg,Tpbg
C230081A13Rik,C230081A13Rik
Klf16,Klf16
Nkd1,Nkd1
Diras1,Diras1
Beta-s,Beta-s
Gbp3,Gbp3
Klf6,Klf6
Spp1,Spp1
Tnfsf12,Tnfsf12
Camk1d,Camk1d
Hist1h1c,Hist1h1c
Lamc1,Lamc1
Cpne4,Cpne4
Arhgef6,Arhgef6
Nrn1l,Nrn1l
Pnp,Pnp
Nrsn1,Nrsn1
Eya1,Eya1
Wipi1,Wipi1
Lhx2,Lhx2
Sep15,Sep15
Lpp,Lpp
Phf12,Phf12
Nhsl1,Nhsl1
BC003331,BC003331
Pdpn,Pdpn
Traf3,Traf3
Tmem163,Tmem163
A330050F15Rik,A330050F15Rik
6430571L13Rik,6430571L13Rik
Hbb-b2,Hbb-b2
Cpne2,Cpne2
Hpgd,Hpgd
Lman2l,Lman2l
Cyp4f15,Cyp4f15
Mgat4c,Mgat4c
Nwd1,Nwd1
Mcee,Mcee
Nt5dc3,Nt5dc3
Fam155a,Fam155a
Dlx1as,Dlx1as
Hspa2,Hspa2
Atox1,Atox1
Dnajc19,Dnajc19
Arhgap21,Arhgap21
Klhdc8a,Klhdc8a
Parp4,Parp4
Rprm,Rprm
Elavl2,Elavl2
Daam2,Daam2
Odf2l,Odf2l
Vat1l,Vat1l
Spock1,Spock1
Map1a,Map1a
Pla2g16,Pla2g16
S100a1,S100a1
Serpinf1,Serpinf1
Prss23,Prss23
Cd59a,Cd59a
Gcnt1,Gcnt1
Scgb1c1,Scgb1c1
Prkg1,Prkg1
Crip1,Crip1
Xylt2,Xylt2
Setd1a,Setd1a
Lhfp,Lhfp
Timp3,Timp3
Arhgef10,Arhgef10
2700081O15Rik,2700081O15Rik
Mut,Mut
Rtn4r,Rtn4r
Pik3c2a,Pik3c2a
Olig2,Olig2
Sec61b,Sec61b
Rhcg,Rhcg
Pnck,Pnck
Ly6c2,Ly6c2
Rnh1,Rnh1
Nptx2,Nptx2
Fam211a,Fam211a
Fam5c,Fam5c
Tsc1,Tsc1
Sox5,Sox5
Rbms3,Rbms3
Svil,Svil
Shank3,Shank3
Cpt1a,Cpt1a
Syde1,Syde1
Adam23,Adam23
Zfp512,Zfp512
Mapk10,Mapk10
Usp54,Usp54
Sept9,Sept9
Dab2ip,Dab2ip
Mlip,Mlip
Fbxl16,Fbxl16
H2-K1,H2-K1
Vim,Vim
Lamp2,Lamp2
Shisa3,Shisa3
Anxa2,Anxa2
Kctd13,Kctd13
Tom1,Tom1
Lrrc58,Lrrc58
Cartpt,Cartpt
Smarcad1,Smarcad1
Cyfip1,Cyfip1
Stard10,Stard10
D1Ertd622e,D1Ertd622e
Crim1,Crim1
Trak2,Trak2
Ptpn4,Ptpn4
Aldh9a1,Aldh9a1
Dnajc3,Dnajc3
Dnajc6,Dnajc6
Rac3,Rac3
Zfp518b,Zfp518b
Plxnb2,Plxnb2
Lyn,Lyn
Suclg2,Suclg2
Tgm2,Tgm2
Slc6a13,Slc6a13
Slitrk2,Slitrk2
Vipr2,Vipr2
Kctd8,Kctd8
Prdm16,Prdm16
Rnf152,Rnf152
Akirin2,Akirin2
Apc,Apc
Psd,Psd
Kcnc3,Kcnc3
Dap,Dap
Nrxn3,Nrxn3
Tuba8,Tuba8
0610040J01Rik,0610040J01Rik
Sema7a,Sema7a
Fam210b,Fam210b
Gjb2,Gjb2
Ly6e,Ly6e
Hadh,Hadh
Pllp,Pllp
Dennd5b,Dennd5b
H2-D1,H2-D1
Insm1,Insm1
Abca5,Abca5
Gsn,Gsn
Ppm1e,Ppm1e
Hbegf,Hbegf
Ppm1h,Ppm1h
Gmcl1,Gmcl1
Meis1,Meis1
Erc2,Erc2
Id3,Id3
Cpne8,Cpne8
Phkb,Phkb
Msn,Msn
Slco3a1,Slco3a1
Camk2a,Camk2a
Clca1,Clca1
Nefl,Nefl
Rin2,Rin2
Pdk3,Pdk3
Phf8,Phf8
Sqrdl,Sqrdl
Ubn2,Ubn2
Arhgap5,Arhgap5
Notch1,Notch1
Nrn1,Nrn1
Mark2,Mark2
Sbf2,Sbf2
Pla2g4a,Pla2g4a
Phf17,Phf17
Emc4,Emc4
Nr2f6,Nr2f6
Prdx6,Prdx6
Per3,Per3
Tfpi,Tfpi
Aqp11,Aqp11
Myl9,Myl9
Fam84b,Fam84b
Snca,Snca
Tbkbp1,Tbkbp1
Phlda1,Phlda1
Thumpd1,Thumpd1
Fbxo2,Fbxo2
Ppp1r26,Ppp1r26
Lrrc55,Lrrc55
Dkkl1,Dkkl1
Nf1,Nf1
Unc13b,Unc13b
Inf2,Inf2
Mboat2,Mboat2
Galnt10,Galnt10
Dtna,Dtna
Myl12a,Myl12a
Lsr,Lsr
Elavl4,Elavl4
Itpripl2,Itpripl2
Znrd1,Znrd1
Dmd,Dmd
Gng7,Gng7
Phf21a,Phf21a
Aim1,Aim1
Net1,Net1
Pgbd5,Pgbd5
Zfp804a,Zfp804a
Sema3d,Sema3d
Eri3,Eri3
Galnt1,Galnt1
Cck,Cck
Egr4,Egr4
Cdo1,Cdo1
Ctnnal1,Ctnnal1
Grb14,Grb14
Atf5,Atf5
Gjd2,Gjd2
Pbxip1,Pbxip1
Plekho2,Plekho2
Rasgrp2,Rasgrp2
Col16a1,Col16a1
Smad5,Smad5
Abhd4,Abhd4
Lrrc1,Lrrc1
Itgb1,Itgb1
Rtn4rl1,Rtn4rl1
Pclo,Pclo
Appbp2,Appbp2
Tbx21,Tbx21
Smad2,Smad2
Ilkap,Ilkap
Dlgap3,Dlgap3
Scn1a,Scn1a
Bmpr1a,Bmpr1a
Scamp1,Scamp1
Samd14,Samd14
Kcnj16,Kcnj16
Scn2b,Scn2b
Kcnab2,Kcnab2
0610011F06Rik,0610011F06Rik
Metrn,Metrn
Rgs11,Rgs11
Ncald,Ncald
Oat,Oat
Slc11a2,Slc11a2
4833424O15Rik,4833424O15Rik
Mfn1,Mfn1
Cgnl1,Cgnl1
Shank1,Shank1
Tm4sf1,Tm4sf1
Ms4a15,Ms4a15
Pcgf6,Pcgf6
Pygm,Pygm
Col4a2,Col4a2
Agt,Agt
Nasp,Nasp
Snx10,Snx10
Mro,Mro
Ptpre,Ptpre
Nrgn,Nrgn
Erbb2ip,Erbb2ip
Mgst1,Mgst1
Cd164,Cd164
Ccdc141,Ccdc141
Ddt,Ddt
Rasa4,Rasa4
Dip2b,Dip2b
Erap1,Erap1
Nupr1,Nupr1
Elf1,Elf1
Tmbim1,Tmbim1
Ccdc23,Ccdc23
Prss12,Prss12
Enho,Enho
Calb2,Calb2
Shisa9,Shisa9
Mest,Mest
Hey2,Hey2
Zmat4,Zmat4
Tmem106c,Tmem106c
Zbtb20,Zbtb20
Rgs7,Rgs7
Arhgdig,Arhgdig
Gabra5,Gabra5
Amer2,Amer2
Ctnnbip1,Ctnnbip1
Snx7,Snx7
Golim4,Golim4
Eomes,Eomes
Tlcd1,Tlcd1
Vamp3,Vamp3
Ctxn3,Ctxn3
Mrc1,Mrc1
Ptrf,Ptrf
Fgf13,Fgf13
Epb4.1,Epb4.1
Tst,Tst
Uhrf1bp1,Uhrf1bp1
Ahcyl2,Ahcyl2
Kctd12,Kctd12
1500009C09Rik,1500009C09Rik
Apc2,Apc2
Asrgl1,Asrgl1
Lhfpl2,Lhfpl2
4632428N05Rik,4632428N05Rik
Krcc1,Krcc1
Lifr,Lifr
Lamb2,Lamb2
Kitl,Kitl
Smc4,Smc4
Fbxo42,Fbxo42
Matn2,Matn2
Mgll,Mgll
Tead1,Tead1
Ermn,Ermn
Glo1,Glo1
Iqck,Iqck
Penk,Penk
Fam181b,Fam181b
Ly6g6e,Ly6g6e
Fcgr2b,Fcgr2b
Laptm4b,Laptm4b
Grb10,Grb10
Col11a1,Col11a1
Nfib,Nfib
Tmem64,Tmem64
Rrbp1,Rrbp1
Dock1,Dock1
Sept3,Sept3
Anxa3,Anxa3
Dhrs3,Dhrs3
Bex2,Bex2
Desi1,Desi1
Rbm14,Rbm14
Epas1,Epas1
Cav2,Cav2
Cdk5rap3,Cdk5rap3
Gpd2,Gpd2
Ntn1,Ntn1
Capns1,Capns1
Lrp8,Lrp8
P2rx4,P2rx4
Ppm1j,Ppm1j
Cmbl,Cmbl
Cpq,Cpq
Lrp10,Lrp10
Jam2,Jam2
Evi5,Evi5
S100a5,S100a5
Srek1,Srek1
Tspan15,Tspan15
C1qc,C1qc
Msi2,Msi2
Jam3,Jam3
Limd1,Limd1
BC018242,BC018242
Cacna2d2,Cacna2d2
5730455P16Rik,5730455P16Rik
Pla2g7,Pla2g7
Sp9,Sp9
Yap1,Yap1
Tbc1d9b,Tbc1d9b
Armcx1,Armcx1
Pard3,Pard3
Rprml,Rprml
Sowahc,Sowahc
Smtnl2,Smtnl2
Camk2b,Camk2b
Usp25,Usp25
Epha4,Epha4
Shpk,Shpk
Tbc1d10a,Tbc1d10a
Scn3a,Scn3a
Smurf1,Smurf1
Pde8b,Pde8b
Rnpep,Rnpep
Trpc3,Trpc3
Kcnj10,Kcnj10
Cacnb2,Cacnb2
Gng13,Gng13
Lgals9,Lgals9
Serpina3n,Serpina3n
Nell1,Nell1
Tenm3,Tenm3
Dlx1,Dlx1
Atp6v0e,Atp6v0e
Pcdh7,Pcdh7
Slc9a4,Slc9a4
Tpcn1,Tpcn1
Arhgef17,Arhgef17
Chpt1,Chpt1
Vat1,Vat1
Fam5b,Fam5b
Gnpnat1,Gnpnat1
Plscr2,Plscr2
9630033F20Rik,9630033F20Rik
Tspan13,Tspan13
Cacnb3,Cacnb3
Hpca,Hpca
Tcn2,Tcn2
Reck,Reck
Prdx1,Prdx1
Plin2,Plin2
Prr13,Prr13
Pxdn,Pxdn
Olfml3,Olfml3
Fam19a2,Fam19a2
Dact1,Dact1
Gria3,Gria3
Dock6,Dock6
Tmed5,Tmed5
Galntl6,Galntl6
Pcdhb13,Pcdhb13
Sgms1,Sgms1
Ndfip2,Ndfip2
Plxna2,Plxna2
Ssfa2,Ssfa2
Tspan18,Tspan18
Celf3,Celf3
Kcnc2,Kcnc2
Psat1,Psat1
Tubb6,Tubb6
Ifit2,Ifit2
Fam160a2,Fam160a2
2310022B05Rik,2310022B05Rik
Nlk,Nlk
Tmem203,Tmem203
Tceal5,Tceal5
Eef2k,Eef2k
Atp1a1,Atp1a1
Wbp1,Wbp1
Alcam,Alcam
Dusp28,Dusp28
Scd1,Scd1
Fkbp7,Fkbp7
Tln2,Tln2
Anxa5,Anxa5
Ppp1r10,Ppp1r10
Mier3,Mier3
Sox9,Sox9
Ramp2,Ramp2
A330021E22Rik,A330021E22Rik
Cd47,Cd47
Commd6,Commd6
Rhobtb2,Rhobtb2
Sox8,Sox8
Cplx1,Cplx1
Heatr5a,Heatr5a
Car12,Car12
Pcolce,Pcolce
Slc13a5,Slc13a5
Nhsl2,Nhsl2
Papss1,Papss1
Gad1,Gad1
2310011J03Rik,2310011J03Rik
Grb2,Grb2
Pcdh18,Pcdh18
Cfh,Cfh
Gng12,Gng12
Rxra,Rxra
Junb,Junb
Cd9,Cd9
Car4,Car4
Arhgap39,Arhgap39
Tgfbr1,Tgfbr1
Fcgrt,Fcgrt
Nme7,Nme7
Aebp1,Aebp1
Npat,Npat
0610007N19Rik,0610007N19Rik
Unc5d,Unc5d
Frmd4a,Frmd4a
Plat,Plat
Fam65a,Fam65a
Nck1,Nck1
Dpysl5,Dpysl5
Lyz2,Lyz2
Rps19bp1,Rps19bp1
Cyth3,Cyth3
Wdsub1,Wdsub1
Cxcl12,Cxcl12
Rnd3,Rnd3
Gpr146,Gpr146
Egfl8,Egfl8
Bag3,Bag3
Cmtm5,Cmtm5
Aspa,Aspa
Sdc3,Sdc3
Lrp4,Lrp4
Irgm1,Irgm1
Klf4,Klf4
B4galt6,B4galt6
Stom,Stom
Phf1,Phf1
Lgals3bp,Lgals3bp
Hist2h2be,Hist2h2be
Ppp3ca,Ppp3ca
Rps27l,Rps27l
Clic1,Clic1
Gnal,Gnal
Tbr1,Tbr1
Dlg5,Dlg5
Gatm,Gatm
Gstt3,Gstt3
Slc25a13,Slc25a13
Kctd14,Kctd14
Fez1,Fez1
Adk,Adk
Sema6a,Sema6a
Pou3f2,Pou3f2
Nfia,Nfia
Tm7sf3,Tm7sf3
Eif2b1,Eif2b1
Atp8a1,Atp8a1
Scaper,Scaper
Cpeb2,Cpeb2
Isoc1,Isoc1
Prkca,Prkca
Tctn3,Tctn3
Wnt6,Wnt6
Tshz2,Tshz2
Rhoc,Rhoc
Tenc1,Tenc1
Fam134b,Fam134b
Icam5,Icam5
Cbln1,Cbln1
Notch2,Notch2
Trip11,Trip11
Tapbp,Tapbp
Cdc42ep4,Cdc42ep4
Mll5,Mll5
Fam213b,Fam213b
Rcn3,Rcn3
Podxl,Podxl
Osgin2,Osgin2
Arhgap31,Arhgap31
Mmp15,Mmp15
Aff1,Aff1
Arap2,Arap2
Dlx2,Dlx2
Erdr1,Erdr1
Cmtm3,Cmtm3
Hspa12a,Hspa12a
Fras1,Fras1
Acadl,Acadl
Medag,Medag
Lpcat2,Lpcat2
Got1,Got1
Sox11,Sox11
Sox10,Sox10
Vstm2l,Vstm2l
Lynx1,Lynx1
Tmem200a,Tmem200a
Epha5,Epha5
Rcl1,Rcl1
0610031J06Rik,0610031J06Rik
Pag1,Pag1
Col12a1,Col12a1
Hepacam,Hepacam
Arhgef40,Arhgef40
Slc38a3,Slc38a3
Cspg5,Cspg5
Bcl11b,Bcl11b
Fam20b,Fam20b
Ptprt,Ptprt
Arrb1,Arrb1
Kank2,Kank2
Trp53i11,Trp53i11
Adra2a,Adra2a
Map3k9,Map3k9
Camkk1,Camkk1
Crtc1,Crtc1
Itpr2,Itpr2
Slc1a2,Slc1a2
Mbd6,Mbd6
Sorcs3,Sorcs3
Cacna1h,Cacna1h
Prkcdbp,Prkcdbp
Igf2,Igf2
Map1b,Map1b
Ifitm2,Ifitm2
Dab1,Dab1
Thbs2,Thbs2
Dhcr24,Dhcr24
Chrm1,Chrm1
Bpifb9b,Bpifb9b
Txndc5,Txndc5
Tmem141,Tmem141
Socs2,Socs2
Dis3l,Dis3l
Irak1bp1,Irak1bp1
Apbb2,Apbb2
Iqub,Iqub
Prrg3,Prrg3
Slc24a2,Slc24a2
Jarid2,Jarid2
Bok,Bok
Apln,Apln
Rhbdf1,Rhbdf1
Tes,Tes
Sat1,Sat1
Lims1,Lims1
Cnr1,Cnr1
I830012O16Rik,I830012O16Rik
Pou2f1,Pou2f1
Mdk,Mdk
Lin52,Lin52
Aldh1l1,Aldh1l1
Tbc1d4,Tbc1d4
Fam131b,Fam131b
Cry1,Cry1
Cdc42bpa,Cdc42bpa
Rab37,Rab37
Igfbp5,Igfbp5
Ldoc1l,Ldoc1l
Pik3r1,Pik3r1
Rp2h,Rp2h
Islr2,Islr2
Tmem176a,Tmem176a
Ltbp1,Ltbp1
Tram1,Tram1
Rnf126,Rnf126
Mitf,Mitf
Scamp2,Scamp2
Dleu7,Dleu7
Cd82,Cd82
Cnn3,Cnn3
Tgfbr2,Tgfbr2
Fam63b,Fam63b
Fndc5,Fndc5
Me1,Me1
Dio2,Dio2
Grm7,Grm7
Gtf2f1,Gtf2f1
Nrep,Nrep
Whrn,Whrn
Cd97,Cd97
Entpd1,Entpd1
Bcl9l,Bcl9l
Necab3,Necab3
Cybrd1,Cybrd1
Slc25a22,Slc25a22
Gpr125,Gpr125
Rps6ka4,Rps6ka4
Mfap3l,Mfap3l
Slc6a9,Slc6a9
Itga7,Itga7
Fcho2,Fcho2
Efemp2,Efemp2
Inadl,Inadl
Sh3pxd2b,Sh3pxd2b
Tns1,Tns1
Gas7,Gas7
Eva1a,Eva1a
Dync2li1,Dync2li1
Crip2,Crip2
Myo10,Myo10
Plscr4,Plscr4
Mast3,Mast3
Pdrg1,Pdrg1
Slc17a7,Slc17a7
Lcat,Lcat
Ifitm3,Ifitm3
Fzd7,Fzd7
Sdc2,Sdc2
Rpp25,Rpp25
Dync1i1,Dync1i1
Rbfox3,Rbfox3
Pcsk6,Pcsk6
Glul,Glul
Sycp3,Sycp3
Tsc22d4,Tsc22d4
Doc2g,Doc2g
Endod1,Endod1
Nptx1,Nptx1
Cntfr,Cntfr
Kcna2,Kcna2
Cxcr4,Cxcr4
Cd24a,Cd24a
Shc4,Shc4
Zkscan17,Zkscan17
Dnajb5,Dnajb5
A230065H16Rik,A230065H16Rik
Igtp,Igtp
Slc12a4,Slc12a4
Dynlt3,Dynlt3
Hist1h4h,Hist1h4h
Zcchc9,Zcchc9
E430025E21Rik,E430025E21Rik
Tmem100,Tmem100
Fam196a,Fam196a
Dkk3,Dkk3
Add2,Add2
Lrrc57,Lrrc57
Ctsh,Ctsh
Kcnip2,Kcnip2
Dst,Dst
Gm4980,Gm4980
Sertad4,Sertad4
Ncdn,Ncdn
Plekha2,Plekha2
Dlx5,Dlx5
Prune2,Prune2
Wdr35,Wdr35
Tmem164,Tmem164
Arpp21,Arpp21
Hopx,Hopx
Scrg1,Scrg1
Akap12,Akap12
Thrsp,Thrsp
Cdh4,Cdh4
St8sia1,St8sia1
Frzb,Frzb
Numbl,Numbl
Rgcc,Rgcc
Adora1,Adora1
Kif1c,Kif1c
Zfhx4,Zfhx4
Slc35a5,Slc35a5
Bscl2,Bscl2
Gfra2,Gfra2
Crlf3,Crlf3
Zscan21,Zscan21
Rasa2,Rasa2
Arhgap32,Arhgap32
Spry2,Spry2
Fibcd1,Fibcd1
Ptchd2,Ptchd2
Phc3,Phc3
Ubash3b,Ubash3b
Vstm4,Vstm4
Ghr,Ghr
Ctnnd1,Ctnnd1
Rab40b,Rab40b
Zdhhc14,Zdhhc14
Nrarp,Nrarp
Sh3gl2,Sh3gl2
Lfng,Lfng
Gm12070,Gm12070
Scn3b,Scn3b
Pip5k1b,Pip5k1b
Kif5b,Kif5b
Ubtd2,Ubtd2
Sspn,Sspn
Acsbg1,Acsbg1
Amotl2,Amotl2
Tkt,Tkt
Unc13c,Unc13c
Uaca,Uaca
Nrp1,Nrp1
Hs3st3b1,Hs3st3b1
Dcn,Dcn
Aqp4,Aqp4
Zfp521,Zfp521
Lamp1,Lamp1
Vcam1,Vcam1
9930013L23Rik,9930013L23Rik
B2m,B2m
Ctns,Ctns
Lhfpl3,Lhfpl3
Kcnd2,Kcnd2
Akap13,Akap13
Magt1,Magt1
Gpr124,Gpr124
Zfp746,Zfp746
Cbln4,Cbln4
Angptl4,Angptl4
Cmtm6,Cmtm6
Rorb,Rorb
E2f6,E2f6
Tcta,Tcta
Flnb,Flnb
Igfbpl1,Igfbpl1
Fam131a,Fam131a
Tmem86a,Tmem86a
Atp5g1,Atp5g1
Cers2,Cers2
Foxo1,Foxo1
Nab2,Nab2
Zhx2,Zhx2
Marcks,Marcks
Sox2,Sox2
Mapkapk2,Mapkapk2
Abca1,Abca1
Cdh5,Cdh5
Mpp5,Mpp5
Aifm2,Aifm2
Gstm6,Gstm6
Cd74,Cd74
Asic4,Asic4
Uchl1,Uchl1
Rock1,Rock1
Sipa1l2,Sipa1l2
Tln1,Tln1
Col27a1,Col27a1
Tmco1,Tmco1
Egr1,Egr1
Cars2,Cars2
Rgs12,Rgs12
Fam163b,Fam163b
S100a13,S100a13
Pmepa1,Pmepa1
Myh9,Myh9
Ppp2r1b,Ppp2r1b
Vps39,Vps39
Stra13,Stra13
Kcnb1,Kcnb1
Ptgfrn,Ptgfrn
Cryab,Cryab
Prrt2,Prrt2
Faim,Faim
Grn,Grn
Abcb1a,Abcb1a
Cd2ap,Cd2ap
Abhd3,Abhd3
Mapk8ip1,Mapk8ip1
Nppa,Nppa
Pitpnc1,Pitpnc1
Ptbp1,Ptbp1
Syt7,Syt7
Grasp,Grasp
E030024N20Rik,E030024N20Rik
Hlf,Hlf
Aatk,Aatk
Adap1,Adap1
Resp18,Resp18
Decr1,Decr1
Ntsr2,Ntsr2
Barhl2,Barhl2
Akr1b10,Akr1b10
Ttpal,Ttpal
Bsn,Bsn
Sez6,Sez6
Slc16a1,Slc16a1
Tmprss5,Tmprss5
Ankrd63,Ankrd63
Lum,Lum
Kcnj4,Kcnj4
Ptprd,Ptprd
Jup,Jup
Zdhhc8,Zdhhc8
Smpdl3a,Smpdl3a
Slc1a5,Slc1a5
Slc2a1,Slc2a1
Sorbs1,Sorbs1
Sh3glb1,Sh3glb1
Stmn2,Stmn2
Elovl5,Elovl5
Gyg,Gyg
Prpsap1,Prpsap1
Paqr6,Paqr6
Ccdc157,Ccdc157
Ctps2,Ctps2
Tpmt,Tpmt
Tmem123,Tmem123
Bcar3,Bcar3
Kctd15,Kctd15
Eci2,Eci2
Eml3,Eml3
Hsdl2,Hsdl2
Impdh1,Impdh1
Col5a2,Col5a2
Gpr37l1,Gpr37l1
Atad2b,Atad2b
Serping1,Serping1
Asic2,Asic2
Shc1,Shc1
Spen,Spen
Fbxo30,Fbxo30
H2-Aa,H2-Aa
Kirrel3,Kirrel3
Ctss,Ctss
Scrib,Scrib
Prr5l,Prr5l
Sv2b,Sv2b
Sepn1,Sepn1
Pdlim5,Pdlim5
Nr2f1,Nr2f1
Sptlc2,Sptlc2
Vip,Vip
Lnx1,Lnx1
Cldn5,Cldn5
Fstl5,Fstl5
Ptprz1,Ptprz1
Bag5,Bag5
Klhl2,Klhl2
Cmpk2,Cmpk2
Slc7a11,Slc7a11
Kalrn,Kalrn
Nefm,Nefm
Ifi27l1,Ifi27l1
Shisa6,Shisa6
Slc35f1,Slc35f1
Klf10,Klf10
Rassf2,Rassf2
Hpcal4,Hpcal4
Rab31,Rab31
Bmp7,Bmp7
Mkl2,Mkl2
Pgp,Pgp
Rlbp1,Rlbp1
Zcchc24,Zcchc24
Stard3nl,Stard3nl
Grik3,Grik3
Cttnbp2nl,Cttnbp2nl
Snrpb2,Snrpb2
Dbn1,Dbn1
G2e3,G2e3
Ylpm1,Ylpm1
Gpsm2,Gpsm2
Grin3a,Grin3a
Ankrd13b,Ankrd13b
Tyro3,Tyro3
Ypel3,Ypel3
Slc27a1,Slc27a1
Samhd1,Samhd1
Grin1,Grin1
Arhgap26,Arhgap26
Fstl1,Fstl1
Sh3bgr,Sh3bgr
Mag,Mag
Cd200,Cd200
Sh2d7,Sh2d7
Nid1,Nid1
Mcc,Mcc
Ptpn14,Ptpn14
Cnih2,Cnih2
Ak4,Ak4
Dennd6a,Dennd6a
Mb21d2,Mb21d2
Cdc42se1,Cdc42se1
Vwa1,Vwa1
Tmod2,Tmod2
Nfatc3,Nfatc3
Cp,Cp
Nrxn2,Nrxn2
Fam199x,Fam199x
Rab3b,Rab3b
Isyna1,Isyna1
Slc6a7,Slc6a7
Ankrd29,Ankrd29
Galnt14,Galnt14
B3gnt2,B3gnt2
Fubp3,Fubp3
As3mt,As3mt
Iqsec2,Iqsec2
Phldb2,Phldb2
Fasn,Fasn
Cntnap1,Cntnap1
Nat8l,Nat8l
Gulp1,Gulp1
Maf,Maf
Rapgef3,Rapgef3
Grm1,Grm1
Rnf215,Rnf215
Rnf182,Rnf182
Plekhh3,Plekhh3
Rnaset2b,Rnaset2b
Bambi,Bambi
Dlgap4,Dlgap4
Slc20a1,Slc20a1
Map7,Map7
Rcn2,Rcn2
Zbtb11,Zbtb11
Pld2,Pld2
Smim13,Smim13
Sp1,Sp1
Slc39a12,Slc39a12
Gfod1,Gfod1
Rftn2,Rftn2
Ehd4,Ehd4
Cplx2,Cplx2
Ncam1,Ncam1
Ppfia1,Ppfia1
Ptprj,Ptprj
Samsn1,Samsn1
Sdpr,Sdpr
Efna5,Efna5
Nek1,Nek1
Ddah2,Ddah2
Rasl10b,Rasl10b
Thsd7a,Thsd7a
Foxp2,Foxp2
Tcp11l2,Tcp11l2
Nnat,Nnat
Colec12,Colec12
Rhog,Rhog
Crispld2,Crispld2
Map4k4,Map4k4
S100a10,S100a10
Pak2,Pak2
Kif16b,Kif16b
Tmem229a,Tmem229a
Cacna2d3,Cacna2d3
Stard8,Stard8
Txndc16,Txndc16
Ccnd1,Ccnd1
Tmem260,Tmem260
Mrpl22,Mrpl22
Adam17,Adam17
Hs2st1,Hs2st1
Atcay,Atcay
Nkiras1,Nkiras1
Camkk2,Camkk2
Dnajc1,Dnajc1
Tns3,Tns3
Clip4,Clip4
Tor1aip1,Tor1aip1
Lrig1,Lrig1
Gstk1,Gstk1
Nudt4,Nudt4
Acadm,Acadm
Atp7a,Atp7a
Sypl,Sypl
Itm2a,Itm2a
Plch2,Plch2
Arl4d,Arl4d
Slc16a2,Slc16a2
Atp1a2,Atp1a2
Zfp36l1,Zfp36l1
Casc4,Casc4
Npc1,Npc1
Cdh11,Cdh11
Fmod,Fmod
Stac2,Stac2
Arhgef25,Arhgef25
Acta2,Acta2
Hs6st2,Hs6st2
Cntln,Cntln
Mapk4,Mapk4
Josd2,Josd2
Snta1,Snta1
Cdkn2d,Cdkn2d
Aldh1a2,Aldh1a2
Col23a1,Col23a1
S100a6,S100a6
Kcnb2,Kcnb2
Sepp1,Sepp1
Slc25a19,Slc25a19
Esyt2,Esyt2
Gpc5,Gpc5
Cebpd,Cebpd
Plcxd2,Plcxd2
Tubb2b,Tubb2b
Fam149a,Fam149a
Epb4.1l2,Epb4.1l2
Cln5,Cln5
Ccdc104,Ccdc104
Crem,Crem
Smarcd1,Smarcd1
Rnf166,Rnf166
Elovl1,Elovl1
Plcb1,Plcb1
D7Ertd715e,D7Ertd715e
Ifit3,Ifit3
Panx2,Panx2
Kifc3,Kifc3
Dapk1,Dapk1
Snx18,Snx18
Aldh4a1,Aldh4a1
Svop,Svop
Sh3d19,Sh3d19
Ranbp2,Ranbp2
Zfhx3,Zfhx3
Rab11fip5,Rab11fip5
Efemp1,Efemp1
Cpne3,Cpne3
Nell2,Nell2
Ptprb,Ptprb
Igfbp4,Igfbp4
Nfic,Nfic
Bcr,Bcr
Clmn,Clmn
Pde1c,Pde1c
Phka1,Phka1
Gpt2,Gpt2
Etfb,Etfb
Mtss1l,Mtss1l
Mcm6,Mcm6
Pcdh15,Pcdh15
Id1,Id1
Fads1,Fads1
Hist3h2ba,Hist3h2ba
Fryl,Fryl
Chl1,Chl1
Cnp,Cnp
Gjb6,Gjb6
Hcn1,Hcn1
AI593442,AI593442
Col9a2,Col9a2
Ankrd33b,Ankrd33b
Isoc2a,Isoc2a
Kcnq5,Kcnq5
Kcnn4,Kcnn4
Cadps2,Cadps2
Bid,Bid
Iqsec1,Iqsec1
Sncb,Sncb
Sv2a,Sv2a
Gapdh,Gapdh
Phgdh,Phgdh
Ptpro,Ptpro
